"text","intent"
"привет","greet"
"здравствуйте","greet"
"добрый день","greet"
"доброе утро","greet"
"добрый вечер","greet"
"здрасте","greet"
"приветствую","greet"
"хай","greet"
"салют","greet"
"здорово","greet"
"приветик","greet"
"здравствуй","greet"
"доброго времени суток","greet"
"приветствую вас","greet"
"всем привет","greet"
"привет-привет","greet"
"здравия желаю","greet"
"добрый день, чем могу помочь","greet"
"здравствуйте, это бот?","greet"
"привет, как дела","greet"
"здравствуйте, я по делу","greet"
"добрый вечерок","greet"
"утречко","greet"
"здравствуйте, можно вопрос","greet"
"приветик, как жизнь","greet"
"салют, народ","greet"
"здорово, что тут у вас","greet"
"привет, это тестовый диалог","greet"
"добрый день, погода сегодня","greet"
"здрасте, не подскажете","greet"
"хай, есть кто?","greet"
"приветствую, давно не виделись","greet"
"доброго здоровья","greet"
"здравствуйте, я хотел бы спросить","greet"
"привет, меня зовут","greet"
"здравствуйте, я новый пользователь","greet"
"добрый день, какая сегодня дата","greet"
"привет, я здесь впервые","greet"
"здравствуйте, бот, вы работаете?","greet"
"приветствую, начнём диалог","greet"
"здравия","greet"
"добрый денёк","greet"
"здравствуйте-здравствуйте","greet"
"приветствую вас снова","greet"
"хай-хай","greet"
"салют, как сам?","greet"
"здорово, приятель","greet"
"привет, как настроение?","greet"
"добрый день, я по поводу погоды","greet"
"здрасте, можно спросить?","greet"
"всем здравствуйте","greet"
"доброго утречка","greet"
"пока","farewell"
"до свидания","farewell"
"всего хорошего","farewell"
"до встречи","farewell"
"пока-пока","farewell"
"бывай","farewell"
"прощай","farewell"
"увидимся","farewell"
"до скорого","farewell"
"счастливо","farewell"
"всего доброго","farewell"
"до связи","farewell"
"покеда","farewell"
"чао","farewell"
"бай-бай","farewell"
"удачи","farewell"
"до завтра","farewell"
"пока, до новых встреч","farewell"
"прощайте","farewell"
"всех благ","farewell"
"бывайте","farewell"
"до вечера","farewell"
"до скорой встречи","farewell"
"счастливого пути","farewell"
"пока, спасибо за помощь","farewell"
"до свидания, всего доброго","farewell"
"ну всё, пока","farewell"
"ладно, бывай","farewell"
"увидимся позже","farewell"
"пока, не болей","farewell"
"чао-какао","farewell"
"прощайте, был рад","farewell"
"до связи, бот","farewell"
"всего","farewell"
"пока, до завтра","farewell"
"удачи тебе","farewell"
"счастливо оставаться","farewell"
"прощай, не скучай","farewell"
"до встречи, пока","farewell"
"пока-пока, удачи","farewell"
"давай, прощай","farewell"
"бывай здоров","farewell"
"всегда рад, но пока","farewell"
"до следующего раза","farewell"
"пока, хорошего дня","farewell"
"до свидания, спасибо","farewell"
"пока, до связи","farewell"
"ну всё, бывай","farewell"
"прощай, приятно было пообщаться","farewell"
"удачи во всём","farewell"
"до встречи, не скучай","farewell"
"счастливо, пока","farewell"
"до свидания, хорошего вечера","farewell"
"погода","weather"
"какая погода","weather"
"что за погода","weather"
"сколько градусов","weather"
"погода на сегодня","weather"
"прогноз погоды","weather"
"какая погода будет","weather"
"температура на улице","weather"
"погода в москве","weather"
"погода в питере","weather"
"какая погода в казани","weather"
"погода в новосибирске","weather"
"сколько градусов в екатеринбурге","weather"
"погода в сочи","weather"
"какая погода во владивостоке","weather"
"что с погодой","weather"
"как погода","weather"
"погода на завтра","weather"
"погода на неделю","weather"
"температура воздуха","weather"
"на улице холодно?","weather"
"там дождь?","weather"
"погода в спб","weather"
"погода в нижнем новгороде","weather"
"сколько в челябинске градусов","weather"
"какая погода в омске","weather"
"погода в самаре","weather"
"в ростове-на-дону погода","weather"
"погода в уфе","weather"
"температура в красноярске","weather"
"погода в перми","weather"
"что с погодой в воронеже","weather"
"погода в волгограде","weather"
"сколько в краснодаре","weather"
"погода в саратове","weather"
"какая погода в тюмени","weather"
"погода в ижевске","weather"
"погода в барнауле","weather"
"прогноз в иркутске","weather"
"погода в хабаровске","weather"
"погода в кемерово","weather"
"сколько в туле","weather"
"погода в ульяновске","weather"
"какая погода в ярославле","weather"
"погода в махачкале","weather"
"температура в севастополе","weather"
"прогноз в симферополе","weather"
"погода в калининграде","weather"
"сколько в санкт-петербурге","weather"
"какая погода в нижнем","weather"
"погода сегодня в россии","weather"
"скажи погоду","weather"
"погодка как?","weather"
"как погодка","weather"
"что там с погодой","weather"
"как дела","mood"
"как настроение","mood"
"что делаешь","mood"
"как ты","mood"
"как жизнь","mood"
"как сам","mood"
"как поживаешь","mood"
"как твои дела","mood"
"настроение","mood"
"как ты там","mood"
"как успехи","mood"
"как самочувствие","mood"
"как делишки","mood"
"как живется","mood"
"как у тебя дела","mood"
"что нового","mood"
"как ты поживаешь","mood"
"как настроение сегодня","mood"
"как жизнь молодая","mood"
"как оно","mood"
"что делаешь сейчас","mood"
"как ты вообще","mood"
"как ты себя чувствуешь","mood"
"как работа","mood"
"как отдыхается","mood"
"как настрой","mood"
"как самочувствие сегодня","mood"
"как ты сегодня","mood"
"какие новости","mood"
"как прошел день","mood"
"как ты тут","mood"
"как ты, бот","mood"
"как твое настроение","mood"
"что ты делаешь","mood"
"как у тебя жизнь","mood"
"как ты справляешься","mood"
"как жизнь в целом","mood"
"что нового у тебя","mood"
"как настроение, друг","mood"
"как дела, приятель","mood"
"как ты, давно не общались","mood"
"как поживаешь, бот","mood"
"как у тебя настроение сейчас","mood"
"как дела в этом чате","mood"
"как жизнь твоя","mood"
"как настроение после обновления","mood"
"как ты сегодня, бот","mood"
"как успехи в работе","mood"
"как твой день","mood"
"какое сегодня число","day"
"какая дата","day"
"сегодняшний день","day"
"какой день","day"
"какое число","day"
"день недели","day"
"какой сегодня день","day"
"дата сегодня","day"
"какое сегодня число и месяц","day"
"сегодня какое число","day"
"какой день недели сегодня","day"
"число сегодня","day"
"какая сегодня дата","day"
"какой сегодня день недели","day"
"назови сегодняшнюю дату","day"
"какое сегодня","day"
"сегодняшняя дата","day"
"какое число сейчас","day"
"какой сейчас день","day"
"какое сегодня число месяца","day"
"день недели какой","day"
"какой сегодня день и число","day"
"сегодня какой день","day"
"что за день сегодня","day"
"какое число сегодняшнее","day"
"сегодня какое число и день недели","day"
"напиши сегодняшнюю дату","day"
"какой день недели","day"
"какое сегодня число, подскажи","day"
"дата и день недели","day"
"сегодня какой день недели","day"
"какое число и месяц","day"
"текущая дата","day"
"какой день сегодня по счету","day"
"сегодня какой день","day"
"какое сегодня число и месяц","day"
"покажи сегодняшнюю дату","day"
"какое число, подскажи","day"
"сегодня какое число, скажи","day"
"какой день недели сейчас","day"
"сегодняшнее число","day"
"меня зовут Алексей","set_name"
"моё имя Иван","set_name"
"называй меня Мария","set_name"
"зови меня Дмитрий","set_name"
"я Ольга","set_name"
"моё имя - Сергей","set_name"
"меня зовут Елена","set_name"
"я Антон","set_name"
"называйте меня Виктория","set_name"
"зовите меня Николай","set_name"
"меня звать Татьяна","set_name"
"я Борис","set_name"
"моё имя Анастасия","set_name"
"меня зовут Михаил","set_name"
"можно звать меня Ксения","set_name"
"зови меня Даниил","set_name"
"я София","set_name"
"моё имя Артём","set_name"
"меня звать Алиса","set_name"
"я Максим","set_name"
"зовите меня Екатерина","set_name"
"называйте меня Илья","set_name"
"меня зовут Валерия","set_name"
"я Тимур","set_name"
"моё имя Полина","set_name"
"меня звать Александр","set_name"
"я Дарья","set_name"
"зови меня Никита","set_name"
"меня зовут Вероника","set_name"
"я Кирилл","set_name"
"моё имя Елизавета","set_name"
"меня звать Ярослав","set_name"
"я Виктор","set_name"
"зовите меня Наталья","set_name"
"называйте меня Игорь","set_name"
"меня зовут Маргарита","set_name"
"я Роман","set_name"
"моё имя Светлана","set_name"
"меня звать Григорий","set_name"
"я Евгения","set_name"
"зови меня Давид","set_name"
"меня зовут Юлия","set_name"
"я Константин","set_name"
"моё имя Милана","set_name"
"называй меня Денис","set_name"
"зовите меня Кристина","set_name"
"я Вадим","set_name"
"меня зовут Лидия","set_name"
"я Семен","set_name"
"2+2","addition"
"сколько будет 2+3","addition"
"5 плюс 7","addition"
"сложи 8 и 4","addition"
"10 прибавить 15","addition"
"вычисли 20+30","addition"
"3 + 4","addition"
"сложение: 12+8","addition"
"сколько получится 6+9","addition"
"9 плюс 11","addition"
"прибавь 7 к 5","addition"
"сложи числа 25 и 14","addition"
"100+200","addition"
"сколько будет 45+55","addition"
"выполни сложение 33 и 22","addition"
"13 плюс 27","addition"
"1+1","addition"
"2 плюс 2","addition"
"сложи 18 и 9","addition"
"7+14","addition"
"50+50","addition"
"сколько будет 123+456","addition"
"прибавь 5 к 3","addition"
"4 + 8","addition"
"вычисли сумму 30 и 40","addition"
"15 плюс 25","addition"
"сложи 6 и 12","addition"
"10+10","addition"
"сколько 11+22","addition"
"33 плюс 44","addition"
"сложи 100 и 150","addition"
"2+2 сколько","addition"
"найди сумму 5 и 5","addition"
"сколько будет 14+16","addition"
"прибавить 8 к 7","addition"
"70+80","addition"
"сложи 90 и 10","addition"
"25 плюс 75","addition"
"сложение 4 и 6","addition"
"10-4","subs"
"сколько будет 15-7","subs"
"20 минус 8","subs"
"вычти 6 из 12","subs"
"30 отнять 15","subs"
"разность 50 и 25","subs"
"10 - 3","subs"
"вычисли 100-50","subs"
"сколько получится 9-2","subs"
"40 минус 12","subs"
"отними 5 от 18","subs"
"8-3","subs"
"100 минус 60","subs"
"вычти 10 из 25","subs"
"50-20","subs"
"сколько будет 200-150","subs"
"75 отнять 30","subs"
"разность 7 и 2","subs"
"14 минус 9","subs"
"23-8","subs"
"90-40","subs"
"вычти 7 из 14","subs"
"32-11","subs"
"120-70","subs"
"45 минус 20","subs"
"сколько 300-100","subs"
"80-35","subs"
"отними 4 от 9","subs"
"17-6","subs"
"1000-500","subs"
"разность 64 и 32","subs"
"22-13","subs"
"55-15","subs"
"вычти 25 из 60","subs"
"12-7","subs"
"150-80","subs"
"сколько будет 48-23","subs"
"95-40","subs"
"отними 2 от 10","subs"